Date,Pct_Gain,OBV_Ratio,40D_MA_to_Price_Ratio,5D_MA_to_Price_Ratio,RSI,ROC,Close
2019-11-15,0.0,,,,,,0.09000000357627869
2019-11-18,0.0,,,,,,0.09000000357627869
2019-11-19,0.0,,,,,,0.09000000357627869
2019-11-20,0.0,,,,,,0.09000000357627869
2019-11-21,0.0,,,0.0,,,0.09000000357627869
2019-11-22,-0.11111116630059481,-inf,,-0.09090913709037429,0.0,,0.07999999821186066
2019-11-25,0.0,1.0,,-0.06976747812613537,0.0,,0.07999999821186066
2019-11-26,0.0,1.0,,-0.047619072961158304,0.0,,0.07999999821186066
2019-11-27,0.0,1.0,,-0.02439025719913257,0.0,,0.07999999821186066
2019-11-29,0.0,1.0,,0.0,0.0,,0.07999999821186066
2019-12-02,0.0,1.0,,0.0,0.0,,0.07999999821186066
2019-12-03,0.12500006984919465,-4.514285714285714,,0.09756102879653072,0.5,,0.09000000357627869
2019-12-04,0.0,1.0,,0.07142860944173757,0.5,,0.09000000357627869
2019-12-05,0.0,1.0,,0.04651165208409025,0.5,,0.09000000357627869
2019-12-06,0.0,1.0,,0.02272728427259363,0.5,0.0,0.09000000357627869
2019-12-09,0.0,1.0,,0.0,0.5,0.0,0.09000000357627869
2019-12-10,0.0,1.0,,0.0,0.5,0.0,0.09000000357627869
2019-12-11,-0.11111116630059481,0.8860759493670886,,-0.09090913709037429,0.33333333333333326,-0.11111116630059481,0.07999999821186066
2019-12-12,0.0,1.0,,-0.06976747812613537,0.33333333333333326,-0.11111116630059481,0.07999999821186066
2019-12-13,0.0,1.0,,-0.047619072961158304,0.5,0.0,0.07999999821186066
2019-12-16,0.0,1.0,,-0.02439025719913257,0.5,0.0,0.07999999821186066
2019-12-17,0.0,1.0,,0.0,0.5,0.0,0.07999999821186066
2019-12-18,0.0,1.0,,0.0,0.5,0.0,0.07999999821186066
2019-12-19,0.0,1.0,,0.0,0.5,0.0,0.07999999821186066
2019-12-20,0.0,1.0,,0.0,0.5,0.0,0.07999999821186066
2019-12-23,0.0,1.0,,0.0,0.0,-0.11111116630059481,0.07999999821186066
2019-12-24,0.0,1.0,,0.0,0.0,-0.11111116630059481,0.07999999821186066
2019-12-26,0.0,1.0,,0.0,0.0,-0.11111116630059481,0.07999999821186066
2019-12-27,0.0,1.0,,0.0,0.0,-0.11111116630059481,0.07999999821186066
2019-12-30,0.0,1.0,,0.0,0.0,-0.11111116630059481,0.07999999821186066
2019-12-31,0.0,1.0,,0.0,0.0,-0.11111116630059481,0.07999999821186066
2020-01-02,0.0,1.0,,0.0,,0.0,0.07999999821186066
2020-01-03,0.0,1.0,,0.0,,0.0,0.07999999821186066
2020-01-06,0.0,1.0,,0.0,,0.0,0.07999999821186066
2020-01-07,0.0,1.0,,0.0,,0.0,0.07999999821186066
2020-01-08,0.0,1.0,,0.0,,0.0,0.07999999821186066
2020-01-09,0.0,1.0,,0.0,,0.0,0.07999999821186066
2020-01-10,0.0,1.0,,0.0,,0.0,0.07999999821186066
2020-01-13,0.0,1.0,,0.0,,0.0,0.07999999821186066
2020-01-14,0.0,1.0,-0.03323264635183398,0.0,,0.0,0.07999999821186066
2020-01-15,0.0,1.0,-0.030303046723042737,0.0,,0.0,0.07999999821186066
2020-01-16,0.0,1.0,-0.02735563796828766,0.0,,0.0,0.07999999821186066
2020-01-17,0.0,1.0,-0.02439025719913257,0.0,,0.0,0.07999999821186066
2020-01-21,0.0,1.0,-0.021406739534621688,0.0,,0.0,0.07999999821186066
2020-01-22,0.0,1.0,-0.01840491807071787,0.0,,0.0,0.07999999821186066
2020-01-23,0.12500006984919465,1.0104285714285715,0.10091748637750175,0.09756102879653072,1.0,0.12500006984919465,0.09000000357627869
2020-01-24,0.0,1.0,0.09756102879653072,0.07142860944173757,1.0,0.12500006984919465,0.09000000357627869
2020-01-27,0.0,1.0,0.09422497522410178,0.04651165208409025,1.0,0.12500006984919465,0.09000000357627869
2020-01-28,0.0,1.0,0.09090914016912821,0.02272728427259363,1.0,0.12500006984919465,0.09000000357627869
2020-01-29,0.0,1.0,0.087613340382108,0.0,1.0,0.12500006984919465,0.09000000357627869
2020-01-30,0.0,1.0,0.08433739482136526,0.0,1.0,0.12500006984919465,0.09000000357627869
2020-01-31,0.0,1.0,0.08433739482136526,0.0,1.0,0.12500006984919465,0.09000000357627869
2020-02-03,0.0,1.0,0.08433739482136526,0.0,1.0,0.12500006984919465,0.09000000357627869
2020-02-04,0.0,1.0,0.08433739482136526,0.0,1.0,0.12500006984919465,0.09000000357627869
2020-02-05,0.0,1.0,0.08433739482136526,0.0,1.0,0.12500006984919465,0.09000000357627869
2020-02-06,0.0,1.0,0.08433739482136526,0.0,1.0,0.12500006984919465,0.09000000357627869
2020-02-07,0.0,1.0,0.08433739482136526,0.0,1.0,0.12500006984919465,0.09000000357627869
2020-02-10,0.0,1.0,0.08108112461990125,0.0,1.0,0.12500006984919465,0.09000000357627869
2020-02-11,0.0,1.0,0.07784435305283699,0.0,1.0,0.12500006984919465,0.09000000357627869
2020-02-12,0.0,1.0,0.07462690550544315,0.0,,0.0,0.09000000357627869
2020-02-13,0.0,1.0,0.07142860944173757,0.0,,0.0,0.09000000357627869
2020-02-14,0.0,1.0,0.0682492943736448,0.0,,0.0,0.09000000357627869
2020-02-18,0.0,1.0,0.06508879183070038,0.0,,0.0,0.09000000357627869
2020-02-19,0.0,1.0,0.06194693533029283,0.0,,0.0,0.09000000357627869
2020-02-20,0.0,1.0,0.05882356034843128,0.0,,0.0,0.09000000357627869
2020-02-21,0.0,1.0,0.05571850429102532,0.0,,0.0,0.09000000357627869
2020-02-24,0.0,1.0,0.05263160646567133,0.0,,0.0,0.09000000357627869
2020-02-25,-0.11111116630059481,0.8803195249540506,-0.06432751901359823,-0.09090913709037429,0.0,-0.11111116630059481,0.07999999821186066
2020-02-26,0.0,1.0,-0.06432751901359823,-0.06976747812613537,0.0,-0.11111116630059481,0.07999999821186066
2020-02-27,0.0,1.0,-0.06432751901359823,-0.047619072961158304,0.0,-0.11111116630059481,0.07999999821186066
2020-02-28,0.0,1.0,-0.06432751901359823,-0.02439025719913257,0.0,-0.11111116630059481,0.07999999821186066
2020-03-02,0.0,1.0,-0.06432751901359823,0.0,0.0,-0.11111116630059481,0.07999999821186066
2020-03-03,0.0,1.0,-0.06432751901359823,0.0,0.0,-0.11111116630059481,0.07999999821186066
2020-03-04,0.0,1.0,-0.06432751901359823,0.0,0.0,-0.11111116630059481,0.07999999821186066
2020-03-05,0.0,1.0,-0.06432751901359823,0.0,0.0,-0.11111116630059481,0.07999999821186066
2020-03-06,0.0,1.0,-0.06432751901359823,0.0,0.0,-0.11111116630059481,0.07999999821186066
2020-03-09,0.0,1.0,-0.06432751901359823,0.0,0.0,-0.11111116630059481,0.07999999821186066
2020-03-10,0.0,1.0,-0.06432751901359823,0.0,0.0,-0.11111116630059481,0.07999999821186066
2020-03-11,0.0,1.0,-0.06432751901359823,0.0,0.0,-0.11111116630059481,0.07999999821186066
2020-03-12,0.0,1.0,-0.06432751901359823,0.0,0.0,-0.11111116630059481,0.07999999821186066
2020-03-13,0.0,1.0,-0.06432751901359823,0.0,0.0,-0.11111116630059481,0.07999999821186066
2020-03-16,0.0,1.0,-0.06432751901359823,0.0,,0.0,0.07999999821186066
2020-03-17,0.0,1.0,-0.06432751901359823,0.0,,0.0,0.07999999821186066
2020-03-18,0.0,1.0,-0.06432751901359823,0.0,,0.0,0.07999999821186066
2020-03-19,0.0,1.0,-0.06432751901359823,0.0,,0.0,0.07999999821186066
2020-03-20,0.0,1.0,-0.06158361000586998,0.0,,0.0,0.07999999821186066
2020-03-23,0.0,1.0,-0.05882356034843117,0.0,,0.0,0.07999999821186066
2020-03-24,0.0,1.0,-0.05604722720359834,0.0,,0.0,0.07999999821186066
2020-03-25,0.0,1.0,-0.0532544660433002,0.0,,0.0,0.07999999821186066
2020-03-26,0.0,1.0,-0.05044513062399836,0.0,,0.0,0.07999999821186066
2020-03-27,0.0,1.0,-0.047619072961158304,0.0,,0.0,0.07999999821186066
2020-03-30,0.0,1.0,-0.04477614330326585,0.0,,0.0,0.07999999821186066
2020-03-31,0.0,1.0,-0.04191619010537384,0.0,,0.0,0.07999999821186066
2020-04-01,0.0,1.0,-0.03903906000217461,0.0,,0.0,0.07999999821186066
2020-04-02,0.0,1.0,-0.03614459778058521,0.0,,0.0,0.07999999821186066
2020-04-03,0.0,1.0,-0.03323264635183398,0.0,,0.0,0.07999999821186066
2020-04-06,0.0,1.0,-0.030303046723042737,0.0,,0.0,0.07999999821186066
2020-04-07,0.0,1.0,-0.02735563796828766,0.0,,0.0,0.07999999821186066
2020-04-08,0.0,1.0,-0.02439025719913257,0.0,,0.0,0.07999999821186066
2020-04-09,-0.12499997671693508,-7.9135148157070585,-0.14110428242030304,-0.10256408297020192,0.0,-0.12499997671693508,0.07000000029802322
2020-04-13,0.0,1.0,-0.13580245607656183,-0.07894735294200683,0.0,-0.12499997671693508,0.07000000029802322
2020-04-14,0.0,1.0,-0.13043476852442215,-0.05405404316934903,0.0,-0.12499997671693508,0.07000000029802322
2020-04-15,0.0,1.0,-0.12499998486600794,-0.027777772028872993,0.0,-0.12499997671693508,0.07000000029802322
2020-04-16,0.0,1.0,-0.11949683913682452,0.0,0.0,-0.12499997671693508,0.07000000029802322
2020-04-17,0.0,1.0,-0.11392403332263734,0.0,0.0,-0.12499997671693508,0.07000000029802322
2020-04-20,0.0,1.0,-0.10828023633877948,0.0,0.0,-0.12499997671693508,0.07000000029802322
2020-04-21,0.0,1.0,-0.10256408297020192,0.0,0.0,-0.12499997671693508,0.07000000029802322
2020-04-22,0.0,1.0,-0.09967843748778427,0.0,0.0,-0.12499997671693508,0.07000000029802322
2020-04-23,0.0,1.0,-0.09677417494131768,0.0,0.0,-0.12499997671693508,0.07000000029802322
2020-04-24,0.0,1.0,-0.09385111458264228,0.0,0.0,-0.12499997671693508,0.07000000029802322
2020-04-27,0.0,1.0,-0.09090907331622033,0.0,0.0,-0.12499997671693508,0.07000000029802322
2020-04-28,0.0,1.0,-0.08794786566090429,0.0,0.0,-0.12499997671693508,0.07000000029802322
2020-04-29,0.0,1.0,-0.08496730371095751,0.0,0.0,-0.12499997671693508,0.07000000029802322
2020-04-30,0.0,1.0,-0.08196719709630595,0.0,,0.0,0.07000000029802322
2020-05-01,0.0,1.0,-0.07894735294200683,0.0,,0.0,0.07000000029802322
2020-05-04,0.0,1.0,-0.0759075758269141,0.0,,0.0,0.07000000029802322
2020-05-05,0.0,1.0,-0.07284766774152229,0.0,,0.0,0.07000000029802322
2020-05-06,0.0,1.0,-0.06976742804497138,0.0,,0.0,0.07000000029802322
2020-05-07,0.0,1.0,-0.06666665342118994,0.0,,0.0,0.07000000029802322
2020-05-08,0.0,1.0,-0.06354513783415994,0.0,,0.0,0.07000000029802322
2020-05-11,0.0,1.0,-0.06040267248227993,0.0,,0.0,0.07000000029802322
2020-05-12,0.0,1.0,-0.05723904575180572,0.0,,0.0,0.07000000029802322
2020-05-13,0.0,1.0,-0.05405404316934903,0.0,,0.0,0.07000000029802322
2020-05-14,0.0,1.0,-0.05084744735340785,0.0,,0.0,0.07000000029802322
2020-05-15,0.0,1.0,-0.04761903796490996,0.0,,0.0,0.07000000029802322
2020-05-18,0.0,1.0,-0.044368591656741674,0.0,,0.0,0.07000000029802322
2020-05-19,0.0,1.0,-0.041095882022239794,0.0,,0.0,0.07000000029802322
2020-05-20,0.0,1.0,-0.03780067954262367,0.0,,0.0,0.07000000029802322
2020-05-21,0.0,1.0,-0.03448275153333591,0.0,,0.0,0.07000000029802322
2020-05-22,0.0,1.0,-0.031141862089273276,0.0,,0.0,0.07000000029802322
2020-05-26,0.0,1.0,-0.027777772028872993,0.0,,0.0,0.07000000029802322
2020-05-27,0.0,1.0,-0.024390238837031952,0.0,,0.0,0.07000000029802322
2020-05-28,0.0,1.0,-0.020979016606828438,0.0,,0.0,0.07000000029802322
2020-05-29,0.0,1.0,-0.017543855980015732,0.0,,0.0,0.07000000029802322
2020-06-01,0.0,1.0,-0.014084504086260385,0.0,,0.0,0.07000000029802322
2020-06-02,0.0,1.0,-0.010600704481090628,0.0,,0.0,0.07000000029802322
2020-06-03,0.0,1.0,-0.007092197082524843,0.0,,0.0,0.07000000029802322
2020-06-04,0.0,1.0,-0.0035587181063482243,0.0,,0.0,0.07000000029802322
2020-06-05,0.0,1.0,0.0,0.0,,0.0,0.07000000029802322
2020-06-08,0.0,1.0,0.0,0.0,,0.0,0.07000000029802322
2020-06-09,0.0,1.0,0.0,0.0,,0.0,0.07000000029802322
2020-06-10,0.0,1.0,0.0,0.0,,0.0,0.07000000029802322
2020-06-11,0.0,1.0,0.0,0.0,,0.0,0.07000000029802322
2020-06-12,0.0,1.0,0.0,0.0,,0.0,0.07000000029802322
2020-06-15,0.0,1.0,0.0,0.0,,0.0,0.07000000029802322
2020-06-16,0.0,1.0,0.0,0.0,,0.0,0.07000000029802322
2020-06-17,0.0,1.0,0.0,0.0,,0.0,0.07000000029802322
2020-06-18,0.0,1.0,0.0,0.0,,0.0,0.07000000029802322
2020-06-19,-0.14285716566504258,1.7478665002486122,-0.13978496863395706,-0.11764707815894615,0.0,-0.14285716566504258,0.05999999865889549
2020-06-22,0.0,1.0,-0.13669066946240327,-0.09090910630285254,0.0,-0.14285716566504258,0.05999999865889549
2020-06-23,0.0,1.0,-0.13357402877697988,-0.06250001091393653,0.0,-0.14285716566504258,0.05999999865889549
2020-06-24,0.0,1.0,-0.13043480373510563,-0.03225807033083827,0.0,-0.14285716566504258,0.05999999865889549
2020-06-25,0.0,1.0,-0.12727274796194277,0.0,0.0,-0.14285716566504258,0.05999999865889549
2020-06-26,0.0,1.0,-0.12408761148594016,0.0,0.0,-0.14285716566504258,0.05999999865889549
2020-06-29,0.0,1.0,-0.1208791406729589,0.0,0.0,-0.14285716566504258,0.05999999865889549
2020-06-30,0.0,1.0,-0.11764707815894615,0.0,0.0,-0.14285716566504258,0.05999999865889549
2020-07-01,0.0,1.0,-0.11439116278111672,0.0,0.0,-0.14285716566504258,0.05999999865889549
2020-07-02,0.0,1.0,-0.11111112950760649,0.0,0.0,-0.14285716566504258,0.05999999865889549
2020-07-06,0.0,1.0,-0.10780670936555636,0.0,0.0,-0.14285716566504258,0.05999999865889549
2020-07-07,0.0,1.0,-0.10447762936758664,0.0,0.0,-0.14285716566504258,0.05999999865889549
2020-07-08,0.0,1.0,-0.10112361243661805,0.0,0.0,-0.14285716566504258,0.05999999865889549
2020-07-09,0.16666669771075315,0.7689364691402463,0.04868914672874203,0.12903228132335287,0.5,0.0,0.07000000029802322
2020-07-10,0.0,1.0,0.04868914672874203,0.09375001637090485,1.0,0.16666669771075315,0.07000000029802322
2020-07-13,0.0,1.0,0.04868914672874203,0.060606070868568285,1.0,0.16666669771075315,0.07000000029802322
2020-07-14,0.0,1.0,0.04868914672874203,0.029411769539736454,1.0,0.16666669771075315,0.07000000029802322
2020-07-15,0.0,1.0,0.04868914672874203,0.0,1.0,0.16666669771075315,0.07000000029802322
2020-07-16,-0.14285716566504258,1.9732194764698332,-0.09774437732899799,-0.11764707815894615,0.5,0.0,0.05999999865889549
2020-07-17,0.0,1.0,-0.09433963855588601,-0.09090910630285254,0.5,0.0,0.05999999865889549
2020-07-20,0.16666669771075315,0.8733484600932859,0.05660378313353154,0.060606070868568285,0.6666666666666665,0.16666669771075315,0.07000000029802322
2020-07-21,0.0,1.0,0.05660378313353154,0.060606070868568285,0.6666666666666665,0.16666669771075315,0.07000000029802322
2020-07-22,-0.14285716566504258,1.0258491896936215,-0.09090910630285254,-0.06250001091393653,0.5,0.0,0.05999999865889549
2020-07-23,0.0,1.0,-0.08745248634764313,-0.06250001091393653,0.5,0.0,0.05999999865889549
2020-07-24,0.0,1.0,-0.08396947997605975,-0.06250001091393653,0.5,0.0,0.05999999865889549
2020-07-27,0.0,1.0,-0.08045978389590824,-0.03225807033083827,0.5,0.0,0.05999999865889549
2020-07-28,0.0,1.0,-0.0769230901489597,0.0,0.5,0.0,0.05999999865889549
2020-07-29,0.0,1.0,-0.07335908602087315,0.0,0.33333333333333326,-0.14285716566504258,0.05999999865889549
2020-07-30,0.0,1.0,-0.06976745394902217,0.0,0.33333333333333326,-0.14285716566504258,0.05999999865889549
2020-07-31,0.0,1.0,-0.06614787142817047,0.0,0.33333333333333326,-0.14285716566504258,0.05999999865889549
2020-08-03,0.0,1.0,-0.06250001091393653,0.0,0.33333333333333326,-0.14285716566504258,0.05999999865889549
2020-08-04,0.0,1.0,-0.05882353972398713,0.0,0.33333333333333326,-0.14285716566504258,0.05999999865889549
2020-08-05,0.0,1.0,-0.05511811993689597,0.0,0.5,0.0,0.05999999865889549
2020-08-06,0.0,1.0,-0.05138340828860466,0.0,0.5,0.0,0.05999999865889549
2020-08-07,0.0,1.0,-0.04761905606641803,0.0,0.0,-0.14285716566504258,0.05999999865889549
2020-08-10,0.0,1.0,-0.043824709000465534,0.0,0.0,-0.14285716566504258,0.05999999865889549
2020-08-11,0.0,1.0,-0.04000000715255747,0.0,,0.0,0.05999999865889549
2020-08-12,0.0,1.0,-0.03614458480236382,0.0,,0.0,0.05999999865889549
2020-08-13,0.0,1.0,-0.03225807033083827,0.0,,0.0,0.05999999865889549
2020-08-14,0.0,1.0,-0.02834008610081118,0.0,,0.0,0.05999999865889549
2020-08-17,0.0,1.0,-0.02834008610081118,0.0,,0.0,0.05999999865889549
2020-08-18,0.0,1.0,-0.02834008610081118,0.0,,0.0,0.05999999865889549
2020-08-19,0.0,1.0,-0.02834008610081118,0.0,,0.0,0.05999999865889549
2020-08-20,0.0,1.0,-0.02834008610081118,0.0,,0.0,0.05999999865889549
2020-08-21,0.0,1.0,-0.02834008610081118,0.0,,0.0,0.05999999865889549
2020-08-24,0.16666669771075315,0.918854394888681,0.12903228132335287,0.12903228132335287,1.0,0.16666669771075315,0.07000000029802322
2020-08-25,0.0,1.0,0.12449801431925311,0.09375001637090485,1.0,0.16666669771075315,0.07000000029802322
2020-08-26,0.0,1.0,0.12000002145767241,0.060606070868568285,1.0,0.16666669771075315,0.07000000029802322
2020-08-27,0.0,1.0,0.11553786918304532,0.029411769539736454,1.0,0.16666669771075315,0.07000000029802322
2020-08-28,0.0,1.0,0.11111113082164215,0.0,1.0,0.16666669771075315,0.07000000029802322
2020-08-31,0.0,1.0,0.10671938644556356,0.0,1.0,0.16666669771075315,0.07000000029802322
2020-09-01,0.0,1.0,0.10236222273994966,0.0,1.0,0.16666669771075315,0.07000000029802322
2020-09-02,0.0,1.0,0.09803923287331173,0.0,1.0,0.16666669771075315,0.07000000029802322
2020-09-03,0.0,1.0,0.09803923287331173,0.0,1.0,0.16666669771075315,0.07000000029802322
2020-09-04,0.0,1.0,0.09803923287331173,0.0,1.0,0.16666669771075315,0.07000000029802322
2020-09-08,0.0,1.0,0.09803923287331173,0.0,1.0,0.16666669771075315,0.07000000029802322
2020-09-09,0.0,1.0,0.09803923287331173,0.0,1.0,0.16666669771075315,0.07000000029802322
2020-09-10,0.0,1.0,0.09803923287331173,0.0,1.0,0.16666669771075315,0.07000000029802322
2020-09-11,0.0,1.0,0.09375001637090485,0.0,1.0,0.16666669771075315,0.07000000029802322
2020-09-14,0.0,1.0,0.08949417899105416,0.0,,0.0,0.07000000029802322
2020-09-15,0.0,1.0,0.08949417899105416,0.0,,0.0,0.07000000029802322
2020-09-16,0.0,1.0,0.08949417899105416,0.0,,0.0,0.07000000029802322
2020-09-17,0.0,1.0,0.08527133260436037,0.0,,0.0,0.07000000029802322
2020-09-18,0.0,1.0,0.08108109507570194,0.0,,0.0,0.07000000029802322
2020-09-21,0.0,1.0,0.0769230901489597,0.0,,0.0,0.07000000029802322
2020-09-22,0.0,1.0,0.07279694733439324,0.0,,0.0,0.07000000029802322
2020-09-23,0.0,1.0,0.06870230179859438,0.0,,0.0,0.07000000029802322
2020-09-24,-0.14285716566504258,3.2087224083998382,-0.08396947997605975,-0.11764707815894615,0.0,-0.14285716566504258,0.05999999865889549
2020-09-25,0.0,1.0,-0.08396947997605975,-0.09090910630285254,0.0,-0.14285716566504258,0.05999999865889549
2020-09-28,0.0,1.0,-0.08396947997605975,-0.06250001091393653,0.0,-0.14285716566504258,0.05999999865889549
2020-09-29,0.0,1.0,-0.08396947997605975,-0.03225807033083827,0.0,-0.14285716566504258,0.05999999865889549
2020-09-30,0.0,1.0,-0.08396947997605975,0.0,0.0,-0.14285716566504258,0.05999999865889549
2020-10-01,0.0,1.0,-0.08396947997605975,0.0,0.0,-0.14285716566504258,0.05999999865889549
2020-10-02,0.0,1.0,-0.08396947997605975,0.0,0.0,-0.14285716566504258,0.05999999865889549
2020-10-05,0.0,1.0,-0.08396947997605975,0.0,0.0,-0.14285716566504258,0.05999999865889549
2020-10-06,0.0,1.0,-0.08396947997605975,0.0,0.0,-0.14285716566504258,0.05999999865889549
2020-10-07,0.0,1.0,-0.08396947997605975,0.0,0.0,-0.14285716566504258,0.05999999865889549
2020-10-08,0.0,1.0,-0.08396947997605975,0.0,0.0,-0.14285716566504258,0.05999999865889549
2020-10-09,0.0,1.0,-0.08396947997605975,0.0,0.0,-0.14285716566504258,0.05999999865889549
2020-10-12,0.0,1.0,-0.08396947997605975,0.0,0.0,-0.14285716566504258,0.05999999865889549
2020-10-13,0.0,1.0,-0.08396947997605975,0.0,0.0,-0.14285716566504258,0.05999999865889549
2020-10-14,0.16666669771075315,0.529077406000171,0.06463879425695374,0.12903228132335287,1.0,0.16666669771075315,0.07000000029802322
2020-10-15,0.0,1.0,0.060606070868568285,0.09375001637090485,1.0,0.16666669771075315,0.07000000029802322
2020-10-16,0.0,1.0,0.05660378313353154,0.060606070868568285,1.0,0.16666669771075315,0.07000000029802322
2020-10-19,0.0,1.0,0.052631587792537404,0.029411769539736454,1.0,0.16666669771075315,0.07000000029802322
2020-10-20,0.0,1.0,0.052631587792537404,0.0,1.0,0.16666669771075315,0.07000000029802322
2020-10-21,0.0,1.0,0.052631587792537404,0.0,1.0,0.16666669771075315,0.07000000029802322
2020-10-22,0.0,1.0,0.052631587792537404,0.0,1.0,0.16666669771075315,0.07000000029802322
2020-10-23,0.0,1.0,0.052631587792537404,0.0,1.0,0.16666669771075315,0.07000000029802322
2020-10-26,0.0,1.0,0.052631587792537404,0.0,1.0,0.16666669771075315,0.07000000029802322
2020-10-27,0.0,1.0,0.052631587792537404,0.0,1.0,0.16666669771075315,0.07000000029802322
2020-10-28,0.0,1.0,0.052631587792537404,0.0,1.0,0.16666669771075315,0.07000000029802322
2020-10-29,0.0,1.0,0.052631587792537404,0.0,1.0,0.16666669771075315,0.07000000029802322
2020-10-30,0.0,1.0,0.052631587792537404,0.0,1.0,0.16666669771075315,0.07000000029802322
2020-11-02,0.0,1.0,0.052631587792537404,0.0,1.0,0.16666669771075315,0.07000000029802322
2020-11-03,0.0,1.0,0.052631587792537404,0.0,,0.0,0.07000000029802322
2020-11-04,0.0,1.0,0.052631587792537404,0.0,,0.0,0.07000000029802322
2020-11-05,0.0,1.0,0.052631587792537404,0.0,,0.0,0.07000000029802322
2020-11-06,0.0,1.0,0.052631587792537404,0.0,,0.0,0.07000000029802322
2020-11-09,0.0,1.0,0.052631587792537404,0.0,,0.0,0.07000000029802322
2020-11-10,0.0,1.0,0.052631587792537404,0.0,,0.0,0.07000000029802322
2020-11-11,0.0,1.0,0.052631587792537404,0.0,,0.0,0.07000000029802322
2020-11-12,0.14285711244661004,0.9813824617313763,0.19850185175670676,0.11111108811549197,1.0,0.14285711244661004,0.07999999821186066
2020-11-13,0.0,1.0,0.19402983082936798,0.08108106475402344,1.0,0.14285711244661004,0.07999999821186066
2020-11-16,0.0,1.0,0.18959105912153174,0.052631568628004555,1.0,0.14285711244661004,0.07999999821186066
2020-11-17,0.0,1.0,0.1851851671975009,0.02564102074255059,1.0,0.14285711244661004,0.07999999821186066
2020-11-18,0.0,1.0,0.1808117910745013,0.0,1.0,0.14285711244661004,0.07999999821186066
2020-11-19,0.0,1.0,0.1721611553664002,0.0,1.0,0.14285711244661004,0.07999999821186066
2020-11-20,0.0,1.0,0.16363634708499109,0.0,1.0,0.14285711244661004,0.07999999821186066
2020-11-23,0.0,1.0,0.15523464072648463,0.0,1.0,0.14285711244661004,0.07999999821186066
2020-11-24,0.0,1.0,0.1469533889377379,0.0,1.0,0.14285711244661004,0.07999999821186066
2020-11-25,0.0,1.0,0.1387900197350902,0.0,1.0,0.14285711244661004,0.07999999821186066
2020-11-27,0.0,1.0,0.13074203384113225,0.0,1.0,0.14285711244661004,0.07999999821186066
2020-11-30,0.0,1.0,0.12280700213360984,0.0,1.0,0.14285711244661004,0.07999999821186066
2020-12-01,0.0,1.0,0.11498256320099132,0.0,1.0,0.14285711244661004,0.07999999821186066
2020-12-02,0.0,1.0,0.10726642099953843,0.0,1.0,0.14285711244661004,0.07999999821186066
2020-12-03,0.0,1.0,0.09965634260698919,0.0,,0.0,0.07999999821186066
2020-12-04,0.0,1.0,0.09215015606824117,0.0,,0.0,0.07999999821186066
2020-12-07,0.0,1.0,0.08474574832866932,0.0,,0.0,0.07999999821186066
2020-12-08,0.0,1.0,0.07744106325094324,0.0,,0.0,0.07999999821186066
2020-12-09,0.0,1.0,0.07023409971144012,0.0,,0.0,0.07999999821186066
2020-12-10,0.0,1.0,0.06666665342118994,0.0,,0.0,0.07999999821186066
2020-12-11,0.0,1.0,0.06312291108830737,0.0,,0.0,0.07999999821186066
2020-12-14,0.0,1.0,0.059602637243063805,0.0,,0.0,0.07999999821186066
2020-12-15,0.0,1.0,0.05610559952424077,0.0,,0.0,0.07999999821186066
2020-12-16,0.0,1.0,0.052631568628004555,0.0,,0.0,0.07999999821186066
2020-12-17,0.0,1.0,0.04918031825778346,0.0,,0.0,0.07999999821186066
2020-12-18,0.0,1.0,0.045751625075130864,0.0,,0.0,0.07999999821186066
2020-12-21,0.0,1.0,0.04234526865154664,0.0,,0.0,0.07999999821186066
2020-12-22,0.0,1.0,0.03896103142123719,0.0,,0.0,0.07999999821186066
2020-12-23,0.0,1.0,0.03559869863479537,0.0,,0.0,0.07999999821186066
2020-12-24,0.0,1.0,0.0322580583137726,0.0,,0.0,0.07999999821186066
2020-12-28,0.0,1.0,0.02893890120613074,0.0,,0.0,0.07999999821186066
2020-12-29,0.0,1.0,0.02564102074255059,0.0,,0.0,0.07999999821186066
2020-12-30,0.0,1.0,0.022364212993574162,0.0,,0.0,0.07999999821186066
2020-12-31,0.0,1.0,0.01910827662757253,0.0,,0.0,0.07999999821186066
2021-01-04,0.0,1.0,0.015873012869506375,0.0,,0.0,0.07999999821186066
2021-01-05,0.0,1.0,0.012658225460477235,0.0,,0.0,0.07999999821186066
2021-01-06,0.0,1.0,0.009463720618038352,0.0,,0.0,0.07999999821186066
2021-01-07,0.0,1.0,0.006289306997257826,0.0,,0.0,0.07999999821186066
2021-01-08,0.0,1.0,0.003134795652512956,0.0,,0.0,0.07999999821186066
2021-01-11,0.0,1.0,0.0,0.0,,0.0,0.07999999821186066
2021-01-12,0.0,1.0,0.0,0.0,,0.0,0.07999999821186066
2021-01-13,0.0,1.0,0.0,0.0,,0.0,0.07999999821186066
2021-01-14,0.0,1.0,0.0,0.0,,0.0,0.07999999821186066
2021-01-15,0.0,1.0,0.0,0.0,,0.0,0.07999999821186066
2021-01-19,0.0,1.0,0.0,0.0,,0.0,0.07999999821186066
2021-01-20,-0.12499997671693508,1.0005384338549352,-0.12225703044799874,-0.10256408297020192,0.0,-0.12499997671693508,0.07000000029802322
2021-01-21,0.14285711244661004,0.9995594467990185,0.003134795652512956,0.02564102074255059,0.5,0.0,0.07999999821186066
2021-01-22,0.0,1.0,0.003134795652512956,0.02564102074255059,0.5,0.0,0.07999999821186066
2021-01-25,0.0,1.0,0.003134795652512956,0.02564102074255059,0.5,0.0,0.07999999821186066
2021-01-26,0.0,1.0,0.003134795652512956,0.02564102074255059,0.5,0.0,0.07999999821186066
2021-01-27,0.0,1.0,0.003134795652512956,0.0,0.5,0.0,0.07999999821186066
2021-01-28,0.0,1.0,0.003134795652512956,0.0,0.5,0.0,0.07999999821186066
2021-01-29,0.0,1.0,0.003134795652512956,0.0,0.5,0.0,0.07999999821186066
2021-02-01,0.0,1.0,0.003134795652512956,0.0,0.5,0.0,0.07999999821186066
2021-02-02,0.0,1.0,0.003134795652512956,0.0,0.5,0.0,0.07999999821186066
2021-02-03,0.0,1.0,0.003134795652512956,0.0,0.5,0.0,0.07999999821186066
2021-02-04,0.0,1.0,0.003134795652512956,0.0,0.5,0.0,0.07999999821186066
2021-02-05,0.0,1.0,0.003134795652512956,0.0,0.5,0.0,0.07999999821186066
2021-02-08,0.0,1.0,0.003134795652512956,0.0,0.5,0.0,0.07999999821186066
2021-02-09,0.0,1.0,0.003134795652512956,0.0,1.0,0.14285711244661004,0.07999999821186066
2021-02-10,0.0,1.0,0.003134795652512956,0.0,,0.0,0.07999999821186066
2021-02-11,0.0,1.0,0.003134795652512956,0.0,,0.0,0.07999999821186066
2021-02-12,0.0,1.0,0.003134795652512956,0.0,,0.0,0.07999999821186066
2021-02-16,0.0,1.0,0.003134795652512956,0.0,,0.0,0.07999999821186066
2021-02-17,0.0,1.0,0.003134795652512956,0.0,,0.0,0.07999999821186066
2021-02-18,0.0,1.0,0.003134795652512956,0.0,,0.0,0.07999999821186066
2021-02-19,0.0,1.0,0.003134795652512956,0.0,,0.0,0.07999999821186066
2021-02-22,0.0,1.0,0.003134795652512956,0.0,,0.0,0.07999999821186066
2021-02-23,0.0,1.0,0.003134795652512956,0.0,,0.0,0.07999999821186066
2021-02-24,0.0,1.0,0.003134795652512956,0.0,,0.0,0.07999999821186066
2021-02-25,0.0,1.0,0.003134795652512956,0.0,,0.0,0.07999999821186066
2021-02-26,0.0,1.0,0.003134795652512956,0.0,,0.0,0.07999999821186066
2021-03-01,0.0,1.0,0.003134795652512956,0.0,,0.0,0.07999999821186066
2021-03-02,-0.12499997671693508,5.966179612923383,-0.11949683294790014,-0.10256408297020192,0.0,-0.12499997671693508,0.07000000029802322
2021-03-03,0.0,1.0,-0.116719220955807,-0.07894735294200683,0.0,-0.12499997671693508,0.07000000029802322
2021-03-04,0.0,1.0,-0.11392402914429534,-0.05405404316934903,0.0,-0.12499997671693508,0.07000000029802322
2021-03-05,0.0,1.0,-0.11111109008654463,-0.027777772028872993,0.0,-0.12499997671693508,0.07000000029802322
2021-03-08,70.4285711244661,0.7465508180410404,23.783147641859326,3.734848483779473,0.9979757089233474,61.50000139698389,5.0
2021-03-09,-0.9859999999403953,1.0003338136993885,-0.6526054551117861,-0.9337121209448684,0.4994934144925757,-0.12499997671693508,0.07000000029802322
2021-03-10,0.0,1.0,-0.6521739091803633,-0.9337121209448684,0.4994934144925757,-0.12499997671693508,0.07000000029802322
2021-03-11,0.0,1.0,-0.6517412897518154,-0.9337121209448684,0.4994934144925757,-0.12499997671693508,0.07000000029802322
2021-03-12,0.0,1.0,-0.6513075928155689,-0.9337121209448684,0.4994934144925757,-0.12499997671693508,0.07000000029802322
2021-03-15,0.0,1.0,-0.6508728143410472,0.0,0.4994934144925757,-0.12499997671693508,0.07000000029802322
2021-03-16,0.0,1.0,-0.6504369502775456,0.0,0.4994934144925757,-0.12499997671693508,0.07000000029802322
2021-03-17,0.0,1.0,-0.6499999965541065,0.0,0.4994934144925757,-0.12499997671693508,0.07000000029802322
2021-03-18,0.0,1.0,-0.6499999965541065,0.0,0.4994934144925757,-0.12499997671693508,0.07000000029802322
2021-03-19,0.0,1.0,-0.6495619490793918,0.0,0.4994934144925757,-0.12499997671693508,0.07000000029802322
2021-03-22,0.0,1.0,-0.6491228037415554,0.0,0.5,0.0,0.07000000029802322
2021-03-23,0.0,1.0,-0.6486825564081147,0.0,0.5,0.0,0.07000000029802322
2021-03-24,0.0,1.0,-0.6482412029258205,0.0,0.5,0.0,0.07000000029802322
2021-03-25,0.0,1.0,-0.6477987391205274,0.0,0.5,0.0,0.07000000029802322
2021-03-26,0.0,1.0,-0.6473551607970611,0.0,0.0,-0.9859999999403953,0.07000000029802322
2021-03-29,0.0,1.0,-0.6469104637390863,0.0,,0.0,0.07000000029802322
2021-03-30,0.0,1.0,-0.6464646437089732,0.0,,0.0,0.07000000029802322
2021-03-31,0.0,1.0,-0.6460176964476625,0.0,,0.0,0.07000000029802322
2021-04-01,0.0,1.0,-0.6455696176745307,0.0,,0.0,0.07000000029802322
2021-04-05,0.0,1.0,-0.645120403087252,0.0,,0.0,0.07000000029802322
2021-04-06,0.0,1.0,-0.6446700483616621,0.0,,0.0,0.07000000029802322
2021-04-07,0.0,1.0,-0.6442185491516181,0.0,,0.0,0.07000000029802322
2021-04-08,0.0,1.0,-0.6437659010888597,0.0,,0.0,0.07000000029802322
2021-04-09,0.0,1.0,-0.643312099782868,0.0,,0.0,0.07000000029802322
2021-04-12,0.0,1.0,-0.6428571408207232,0.0,,0.0,0.07000000029802322
2021-04-13,0.0,1.0,-0.6424010197669623,0.0,,0.0,0.07000000029802322
2021-04-14,0.0,1.0,-0.6419437321634339,0.0,,0.0,0.07000000029802322
2021-04-15,0.0,1.0,-0.6414852735291541,0.0,,0.0,0.07000000029802322
2021-04-16,0.0,1.0,-0.6410256393601594,0.0,,0.0,0.07000000029802322
2021-04-19,0.0,1.0,-0.6405648251293595,0.0,,0.0,0.07000000029802322
2021-04-20,0.0,1.0,-0.6401028262863884,0.0,,0.0,0.07000000029802322
2021-04-21,0.0,1.0,-0.639639638257455,0.0,,0.0,0.07000000029802322
2021-04-22,0.0,1.0,-0.6391752564451915,0.0,,0.0,0.07000000029802322
2021-04-23,0.0,1.0,-0.6387096762285024,0.0,,0.0,0.07000000029802322
2021-04-26,0.0,1.0,-0.6382428929624102,0.0,,0.0,0.07000000029802322
2021-04-27,0.0,1.0,-0.6377749019779015,0.0,,0.0,0.07000000029802322
2021-04-28,0.0,1.0,-0.6377749019779015,0.0,,0.0,0.07000000029802322
2021-04-29,0.0,1.0,-0.6377749019779015,0.0,,0.0,0.07000000029802322
2021-04-30,0.0,1.0,-0.6377749019779015,0.0,,0.0,0.07000000029802322
2021-05-03,71.85714118456355,1.0,14.987460621389472,3.7397769460098402,1.0,71.85714118456355,5.099999904632568
2021-05-04,-0.9862745094888259,1.0111818445911427,-0.6424010163642546,-0.9349442365024601,0.5,0.0,0.07000000029802322
2021-05-05,0.0,1.0,-0.6424010163642546,-0.9349442365024601,0.5,0.0,0.07000000029802322
2021-05-06,0.0,1.0,-0.6424010163642546,-0.9349442365024601,0.5,0.0,0.07000000029802322
2021-05-07,0.0,1.0,-0.6424010163642546,-0.9349442365024601,0.5,0.0,0.07000000029802322
2021-05-10,0.0,1.0,-0.6424010163642546,0.0,0.5,0.0,0.07000000029802322
2021-05-11,0.0,1.0,-0.6424010163642546,0.0,0.5,0.0,0.07000000029802322
2021-05-12,0.0,1.0,-0.6424010163642546,0.0,0.5,0.0,0.07000000029802322
2021-05-13,74.71428811671781,1.0,15.232772273926685,3.7491039502138443,0.6710268211492041,74.71428811671781,5.300000190734863
2021-05-14,-0.9867924532492672,1.0,-0.7856049012981149,-0.9372759875534611,0.5,0.0,0.07000000029802322
2021-05-17,0.0,1.0,-0.7856049012981149,-0.9372759875534611,0.5,0.0,0.07000000029802322
2021-05-18,0.0,1.0,-0.7856049012981149,-0.9372759875534611,0.5,0.0,0.07000000029802322
2021-05-19,0.0,1.0,-0.7856049012981149,-0.9372759875534611,0.5,0.0,0.07000000029802322
2021-05-20,0.0,1.0,-0.7856049012981149,0.0,0.5,0.0,0.07000000029802322
2021-05-21,0.0,1.0,-0.7856049012981149,0.0,0.3376371913582916,-0.9862745094888259,0.07000000029802322
2021-05-24,0.0,1.0,-0.7856049012981149,0.0,0.5,0.0,0.07000000029802322
2021-05-25,0.0,1.0,-0.7856049012981149,0.0,0.5,0.0,0.07000000029802322
2021-05-26,0.0,1.0,-0.7856049012981149,0.0,0.5,0.0,0.07000000029802322
2021-05-27,0.0,1.0,-0.7856049012981149,0.0,0.5,0.0,0.07000000029802322
2021-05-28,0.0,1.0,-0.7856049012981149,0.0,0.5,0.0,0.07000000029802322
2021-06-01,0.0,1.0,-0.7856049012981149,0.0,0.5,0.0,0.07000000029802322
2021-06-02,0.0,1.0,-0.7856049012981149,0.0,0.5,0.0,0.07000000029802322
2021-06-03,0.0,1.0,-0.7856049012981149,0.0,0.0,-0.9867924532492672,0.07000000029802322
2021-06-04,0.0,1.0,-0.7856049012981149,0.0,,0.0,0.07000000029802322
2021-06-07,0.0,1.0,-0.7856049012981149,0.0,,0.0,0.07000000029802322
2021-06-08,-0.14285716566504258,1.1121100222154527,-0.8160919596141231,-0.11764707815894615,0.0,-0.14285716566504258,0.05999999865889549
2021-06-09,0.0,1.0,-0.8159509258188222,-0.09090910630285254,0.0,-0.14285716566504258,0.05999999865889549
2021-06-10,0.0,1.0,-0.8158096755479768,-0.06250001091393653,0.0,-0.14285716566504258,0.05999999865889549
2021-06-11,0.0,1.0,-0.8156682083027951,-0.03225807033083827,0.0,-0.14285716566504258,0.05999999865889549
2021-06-14,0.0,1.0,-0.8155265235829519,0.0,0.0,-0.14285716566504258,0.05999999865889549
2021-06-15,0.0,1.0,-0.8153846208865825,0.0,0.0,-0.14285716566504258,0.05999999865889549
2021-06-16,0.0,1.0,-0.815242499710277,0.0,0.0,-0.14285716566504258,0.05999999865889549
2021-06-17,0.0,1.0,-0.8151001595490737,0.0,0.0,-0.14285716566504258,0.05999999865889549
2021-06-18,0.0,1.0,-0.814957599896454,0.0,0.0,-0.14285716566504258,0.05999999865889549
2021-06-21,0.0,1.0,-0.8148148202443359,0.0,0.0,-0.14285716566504258,0.05999999865889549
2021-06-29,-0.1666666356225801,1.0,-0.8454404933712253,-0.13793100790518176,0.0,-0.2857142781116525,0.05000000074505806
2021-06-30,0.0,1.0,-0.8452012371760501,-0.10714283576045092,0.0,-0.2857142781116525,0.05000000074505806
2021-07-01,0.19999995529651704,0.4176075628006414,-0.8140976042054882,0.07142855717363394,0.33333329194121547,-0.14285716566504258,0.05999999865889549
2021-07-02,0.0,1.0,-0.8139534937985119,0.07142855717363394,0.33333329194121547,-0.14285716566504258,0.05999999865889549
2021-07-06,0.0,1.0,-0.8138091597911794,0.07142855717363394,0.5,0.0,0.05999999865889549
2021-07-07,0.0,1.0,-0.6942675297794882,0.03448275197629558,0.5,0.0,0.05999999865889549
2021-07-08,0.0,1.0,-0.6938775648389697,0.0,0.5,0.0,0.05999999865889549
2021-07-09,0.0,1.0,-0.6934866038192795,0.0,0.5,0.0,0.05999999865889549
2021-07-12,0.0,1.0,-0.6930946428991417,0.0,0.5,0.0,0.05999999865889549
2021-07-13,0.0,1.0,-0.6927016782377091,0.0,0.5,0.0,0.05999999865889549
2021-07-14,0.0,1.0,-0.6923077059744375,0.0,0.5,0.0,0.05999999865889549
2021-07-15,0.0,1.0,-0.6919127222289599,0.0,0.5,0.0,0.05999999865889549
2021-07-16,0.0,1.0,-0.6915167231009589,0.0,0.5,0.0,0.05999999865889549
2021-07-19,0.0,1.0,-0.05511812270851746,0.0,0.5,0.0,0.05999999865889549
2021-07-20,0.0,1.0,-0.051383411082179586,0.0,1.0,0.19999995529651704,0.05999999865889549
2021-07-21,0.0,1.0,-0.04761905888220819,0.0,1.0,0.19999995529651704,0.05999999865889549
2021-07-22,0.0,1.0,-0.04382471183873693,0.0,,0.0,0.05999999865889549
2021-07-23,0.0,1.0,-0.040000010013580445,0.0,,0.0,0.05999999865889549
2021-07-26,0.0,1.0,-0.03614458768641304,0.0,,0.0,0.05999999865889549
2021-07-27,0.0,1.0,-0.03225807323819285,0.0,,0.0,0.05999999865889549
2021-07-28,0.0,1.0,-0.028340089031754778,0.0,,0.0,0.05999999865889549
2021-07-29,0.0,1.0,-0.024390251289491127,0.0,,0.0,0.05999999865889549
2021-07-30,0.0,1.0,-0.02040816996803596,0.0,,0.0,0.05999999865889549
2021-08-02,0.0,1.0,-0.016393448629868912,0.0,,0.0,0.05999999865889549
2021-08-03,0.0,1.0,-0.012345684311747762,0.0,,0.0,0.05999999865889549
2021-08-04,87.3333384866517,0.8904558119692304,26.676240665951592,3.78339351389432,1.0,87.3333384866517,5.300000190734863
2021-08-05,-0.9886792459434655,1.0,-0.6862745228660696,-0.9458483784735799,0.5,0.0,0.05999999865889549
2021-08-06,0.0,1.0,-0.6858638873653273,-0.9458483784735799,0.5,0.0,0.05999999865889549
2021-08-09,0.0,1.0,-0.6854521754935227,-0.9458483784735799,0.5,0.0,0.05999999865889549
2021-08-10,0.0,1.0,-0.6850393830129737,-0.9458483784735799,0.5,0.0,0.05999999865889549
2021-08-11,0.0,1.0,-0.6850393830129737,0.0,0.5,0.0,0.05999999865889549
2021-08-12,0.0,1.0,-0.6850393830129737,0.0,0.5,0.0,0.05999999865889549
2021-08-13,0.0,1.0,-0.6850393830129737,0.0,0.5,0.0,0.05999999865889549
2021-08-16,0.0,1.0,-0.6850393830129737,0.0,0.5,0.0,0.05999999865889549
2021-08-17,0.0,1.0,-0.6850393830129737,0.0,0.5,0.0,0.05999999865889549
2021-08-18,0.0,1.0,-0.6850393830129737,0.0,0.5,0.0,0.05999999865889549
2021-08-19,0.0,1.0,-0.6850393830129737,0.0,0.5,0.0,0.05999999865889549
2021-08-20,0.0,1.0,-0.6850393830129737,0.0,0.5,0.0,0.05999999865889549
2021-08-23,0.0,1.0,-0.6850393830129737,0.0,0.5,0.0,0.05999999865889549
2021-08-24,0.0,1.0,-0.6850393830129737,0.0,0.0,-0.9886792459434655,0.05999999865889549
2021-08-25,0.0,1.0,-0.685452175339947,0.0,,0.0,0.05999999865889549
2021-08-26,0.0,1.0,-0.6858638870589795,0.0,,0.0,0.05999999865889549
2021-08-27,0.0,1.0,-0.6858638870589795,0.0,,0.0,0.05999999865889549
2021-08-30,0.16666669771075315,0.9994595177281179,-0.6339869332479551,0.12903228132335287,1.0,0.16666669771075315,0.07000000029802322
2021-08-31,0.0,1.0,-0.6344647571643716,0.09375001637090485,1.0,0.16666669771075315,0.07000000029802322
2021-09-01,0.0,1.0,-0.6349413351251536,0.060606070868568285,1.0,0.16666669771075315,0.07000000029802322
2021-09-02,0.0,1.0,-0.635416671997316,0.029411769539736454,1.0,0.16666669771075315,0.07000000029802322
2021-09-03,0.0,1.0,-0.6358907726225578,0.0,1.0,0.16666669771075315,0.07000000029802322
2021-09-07,0.0,1.0,-0.6363636418174261,0.0,1.0,0.16666669771075315,0.07000000029802322
2021-09-08,0.0,1.0,-0.6368352843734792,0.0,1.0,0.16666669771075315,0.07000000029802322
2021-09-09,0.0,1.0,-0.6373057050574493,0.0,1.0,0.16666669771075315,0.07000000029802322
2021-09-10,0.0,1.0,-0.637774908611402,0.0,1.0,0.16666669771075315,0.07000000029802322
2021-09-13,0.0,1.0,-0.6382428997528958,0.0,1.0,0.16666669771075315,0.07000000029802322
2021-09-14,0.0,1.0,-0.6387096831751414,0.0,1.0,0.16666669771075315,0.07000000029802322
2021-09-15,0.0,1.0,-0.639175263547157,0.0,1.0,0.16666669771075315,0.07000000029802322
2021-09-16,0.14285711244661004,0.9956618196689142,-0.5886889635437689,0.11111108811549197,1.0,0.33333333333333326,0.07999999821186066
2021-09-17,0.0,1.0,-0.5897436071821607,0.08108106475402344,1.0,0.33333333333333326,0.07999999821186066
2021-09-20,0.0,1.0,-0.5907928562241656,0.052631568628004555,1.0,0.14285711244661004,0.07999999821186066
2021-09-21,0.0,1.0,-0.5918367519549579,0.02564102074255059,1.0,0.14285711244661004,0.07999999821186066
2021-09-22,0.0,1.0,-0.5928753352395071,0.0,1.0,0.14285711244661004,0.07999999821186066
2021-09-23,0.0,1.0,-0.59390864652791,0.0,1.0,0.14285711244661004,0.07999999821186066
2021-09-24,0.0,1.0,-0.5949367258606418,0.0,1.0,0.14285711244661004,0.07999999821186066
2021-09-27,0.0,1.0,-0.5959596128737288,0.0,1.0,0.14285711244661004,0.07999999821186066
2021-09-28,0.0,1.0,-0.5969773468038414,0.0,1.0,0.14285711244661004,0.07999999821186066
2021-09-29,0.0,1.0,-0.5979899664933123,0.0,1.0,0.14285711244661004,0.07999999821186066
2021-09-30,0.0,1.0,0.1678832021517429,0.0,1.0,0.14285711244661004,0.07999999821186066
2021-10-01,0.0,1.0,0.1594202804655569,0.0,1.0,0.14285711244661004,0.07999999821186066
2021-10-04,0.0,1.0,0.1510791274357468,0.0,1.0,0.14285711244661004,0.07999999821186066
2021-10-05,0.0,1.0,0.142857133733983,0.0,1.0,0.14285711244661004,0.07999999821186066
2021-10-06,0.0,1.0,0.134751764055433,0.0,,0.0,0.07999999821186066
2021-10-07,0.0,1.0,0.12676055451230228,0.0,,0.0,0.07999999821186066
2021-10-08,0.0,1.0,0.11888111013673353,0.0,,0.0,0.07999999821186066
2021-10-11,0.0,1.0,0.1111111024877538,0.0,,0.0,0.07999999821186066
2021-10-12,0.0,1.0,0.10344826735724455,0.0,,0.0,0.07999999821186066
2021-10-13,0.0,1.0,0.095890402570185,0.0,,0.0,0.07999999821186066
2021-10-14,0.0,1.0,0.08843536587468459,0.0,,0.0,0.07999999821186066
2021-10-15,0.0,1.0,0.08108107291755218,0.0,,0.0,0.07999999821186066
2021-10-18,0.0,1.0,0.07382549530138571,0.0,,0.0,0.07999999821186066
2021-10-19,0.0,1.0,0.06666665871938071,0.0,,0.0,0.07999999821186066
2021-10-20,0.0,1.0,0.05960264116424985,0.0,,0.0,0.07999999821186066
2021-10-21,0.0,1.0,0.05263157120784534,0.0,,0.0,0.07999999821186066
2021-10-22,0.0,1.0,0.04575162634824492,0.0,,0.0,0.07999999821186066
2021-10-25,0.0,1.0,0.03896103142123719,0.0,,0.0,0.07999999821186066
2021-10-26,0.0,1.0,0.03559869863479537,0.0,,0.0,0.07999999821186066
2021-10-27,0.0,1.0,0.0322580583137726,0.0,,0.0,0.07999999821186066
2021-10-28,0.0,1.0,0.02893890120613074,0.0,,0.0,0.07999999821186066
2021-10-29,0.0,1.0,0.02564102074255059,0.0,,0.0,0.07999999821186066
2021-11-01,0.0,1.0,0.022364212993574162,0.0,,0.0,0.07999999821186066
2021-11-02,0.0,1.0,0.01910827662757253,0.0,,0.0,0.07999999821186066
2021-11-03,0.0,1.0,0.015873012869506375,0.0,,0.0,0.07999999821186066
2021-11-04,0.12500006984919465,0.9924774134338351,0.13564675353636413,0.09756102879653072,1.0,0.12500006984919465,0.09000000357627869
2021-11-05,0.0,1.0,0.12852670990564863,0.07142860944173757,1.0,0.12500006984919465,0.09000000357627869
2021-11-08,0.0,1.0,0.12149538957601091,0.04651165208409025,1.0,0.12500006984919465,0.09000000357627869
2021-11-09,0.0,1.0,0.1145511444363001,0.02272728427259363,1.0,0.12500006984919465,0.09000000357627869
2021-11-10,0.0,1.0,0.1076923669442631,0.0,1.0,0.12500006984919465,0.09000000357627869
2021-11-11,0.0,1.0,0.10429453573406833,0.0,1.0,0.12500006984919465,0.09000000357627869
2021-11-12,0.0,1.0,0.10091748637750175,0.0,1.0,0.12500006984919465,0.09000000357627869
2021-11-15,0.0,1.0,0.09756102879653072,0.0,1.0,0.12500006984919465,0.09000000357627869
2021-11-16,0.0,1.0,0.09422497522410178,0.0,1.0,0.12500006984919465,0.09000000357627869
2021-11-17,0.0,1.0,0.09090914016912821,0.0,1.0,0.12500006984919465,0.09000000357627869
2021-11-18,0.0,1.0,0.087613340382108,0.0,1.0,0.12500006984919465,0.09000000357627869
2021-11-19,0.0,1.0,0.08433739482136526,0.0,1.0,0.12500006984919465,0.09000000357627869
2021-11-22,0.0,1.0,0.08108112461990125,0.0,1.0,0.12500006984919465,0.09000000357627869
2021-11-23,0.0,1.0,0.07784435305283699,0.0,1.0,0.12500006984919465,0.09000000357627869
2021-11-24,0.0,1.0,0.07462690550544315,0.0,,0.0,0.09000000357627869
2021-11-26,-0.11111116630059481,1.0045477628796435,-0.04477614330326585,-0.09090913709037429,0.0,-0.11111116630059481,0.07999999821186066
2021-11-29,0.0,1.0,-0.04477614330326585,-0.06976747812613537,0.0,-0.11111116630059481,0.07999999821186066
2021-11-30,0.0,1.0,-0.04477614330326585,-0.047619072961158304,0.0,-0.11111116630059481,0.07999999821186066
2021-12-01,0.0,1.0,-0.04477614330326585,-0.02439025719913257,0.0,-0.11111116630059481,0.07999999821186066
2021-12-02,0.12500006984919465,0.9984909418786264,0.07142860944173757,0.09756102879653072,0.5,0.0,0.09000000357627869
2021-12-03,87.88888535676193,-13.270254585024144,27.36879428576718,3.801920769338116,0.9987389652767468,87.88888535676193,8.0
2021-12-06,-0.9887499995529652,0.9981094391036099,-0.6811337346139044,-0.9460431633467112,0.5,0.0,0.09000000357627869
2021-12-07,0.0,1.0,-0.681415917300349,-0.9461077823473582,0.5,0.0,0.09000000357627869
2021-12-08,0.0,1.0,-0.6816976009897344,-0.9461722467570118,0.5,0.0,0.09000000357627869
2021-12-09,0.0,1.0,-0.6819787870044915,-0.9461722467570118,0.5,0.0,0.09000000357627869
2021-12-10,0.0,1.0,-0.6822594766623827,0.0,0.5,0.0,0.09000000357627869
2021-12-13,0.0,1.0,-0.6825396712765222,0.0,0.5,0.0,0.09000000357627869
2021-12-14,0.0,1.0,-0.6828193721553962,0.0,0.5,0.0,0.09000000357627869
2021-12-15,0.0,1.0,-0.683098580602884,0.0,0.5,0.0,0.09000000357627869
2021-12-16,0.0,1.0,-0.6833772979182771,0.0,0.5003158561391519,0.12500006984919465,0.09000000357627869
2021-12-17,0.0,1.0,-0.6836555253963009,0.0,0.5003158561391519,0.12500006984919465,0.09000000357627869
2021-12-20,0.11111108351636934,1.0022820986590046,-0.6491228040363943,0.08695650061272109,0.5006313132349479,0.25000004656612984,0.10000000149011612
2021-12-21,0.09999997764825852,1.003118445722571,-0.6150481235702785,0.14583329937886536,0.500946372277709,0.3750000232830648,0.10999999940395355
2021-12-22,0.09090907243657687,1.0034047363287069,-0.5815170129005146,0.17647054956446095,0.5009463720431198,0.3333332505491078,0.11999999731779099
2021-12-23,0.08333331781129005,1.0056553057229998,-0.5486111304238379,0.18181814487315395,0.005031445498783569,-0.9837500005960464,0.12999999523162842
2021-12-27,67.4615380383102,1.0,16.50245772642886,3.7542734975891268,1.0,97.8888807208453,8.899999618530273
2021-12-28,0.0,1.0,11.20850456629743,1.4504405276380457,1.0,97.8888807208453,8.899999618530273
2021-12-29,-0.9842696621801468,0.9985264172493085,-0.8083504395812058,-0.9615173154148449,0.5014228798862489,0.5555555003660719,0.14000000059604645
2021-12-30,0.0,1.0,-0.808743164115044,-0.961559580865161,0.5014228798862489,0.5555555003660719,0.14000000059604645
2021-12-31,0.0,1.0,-0.8091342824134687,-0.9615806788022421,0.5014228798862489,0.5555555003660719,0.14000000059604645
2022-01-04,0.0,1.0,-0.8094589944084631,-0.9260042250495814,0.5014228798862489,0.5555555003660719,0.14000000059604645
2022-01-05,0.0,1.0,-0.8097826034415578,0.0,0.5014228798862489,0.5555555003660719,0.14000000059604645
2022-01-06,0.0,1.0,-0.8101051151229356,0.0,0.5014228798862489,0.5555555003660719,0.14000000059604645
2022-01-07,60.78571129787942,1.2253798734939576,8.093298147815021,3.695982613770953,0.6641104292971249,95.11110305344648,8.649999618530273
2022-01-10,-0.9838150281190609,0.995023489972985,-0.8530183679156924,-0.9239956534427383,0.5007227522294477,0.5555555003660719,0.14000000059604645
2022-01-11,0.0,1.0,-0.8532110043868477,-0.9239956534427383,0.5005783690120702,0.39999998509883894,0.14000000059604645
2022-01-12,0.0,1.0,-0.8534031365740629,-0.9239956534427383,0.5004339022637734,0.27272728504228194,0.14000000059604645
2022-01-13,0.0,1.0,-0.8535947664549218,-0.9239956534427383,0.5002893519120483,0.16666669771075315,0.14000000059604645
2022-01-14,0.0,1.0,-0.8537858959966819,0.0,0.500144717884301,0.07692312100935417,0.14000000059604645
2022-01-18,0.0,1.0,-0.8539765271563406,0.0,0.33010085323099075,-0.9842696621801468,0.14000000059604645
2022-01-19,0.0,1.0,-0.8541666618807033,0.0,0.33010085323099075,-0.9842696621801468,0.14000000059604645
2022-01-20,0.0,1.0,-0.8543563021064483,0.0,0.5,0.0,0.14000000059604645
2022-01-21,0.0,1.0,-0.8545454497601936,0.0,0.5,0.0,0.14000000059604645
2022-01-24,0.0,1.0,-0.8547341067585619,0.0,0.5,0.0,0.14000000059604645
2022-01-25,0.0,1.0,-0.8549222750082447,0.0,0.5,0.0,0.14000000059604645
2022-01-26,0.0,1.0,-0.8551474344519716,0.0,0.5,0.0,0.14000000059604645
2022-01-27,0.0,1.0,-0.8553718960874576,0.0,0.5,0.0,0.14000000059604645
2022-01-28,0.0,1.0,-0.855595663153627,0.0,0.0,-0.9838150281190609,0.14000000059604645
2022-01-31,-0.07142860944173757,0.9999755195626409,-0.8660829266759446,-0.057971045791138875,0.0,-0.07142860944173757,0.12999999523162842
2022-02-01,0.0,1.0,-0.8662207368629482,-0.044117671228094846,0.0,-0.07142860944173757,0.12999999523162842
2022-02-02,0.0,1.0,-0.8322580646215691,-0.029850762866074243,0.0,-0.07142860944173757,0.12999999523162842
2022-02-03,0.0,1.0,-0.8324742268721739,-0.015151523703605285,0.0,-0.07142860944173757,0.12999999523162842
2022-02-04,0.0,1.0,-0.8326898327206851,0.0,0.0,-0.07142860944173757,0.12999999523162842
2022-02-07,0.0,1.0,-0.8329048843126114,0.0,0.0,-0.07142860944173757,0.12999999523162842
2022-02-08,0.0,1.0,-0.8331193837824454,0.0,0.0,-0.07142860944173757,0.12999999523162842
2022-02-09,0.0,1.0,-0.8333333332537332,0.0,0.0,-0.07142860944173757,0.12999999523162842
2022-02-10,0.0,1.0,-0.8335467348391447,0.0,0.0,-0.07142860944173757,0.12999999523162842
2022-02-11,0.0,1.0,-0.8337595906405435,0.0,0.0,-0.07142860944173757,0.12999999523162842
2022-02-14,0.0,1.0,-0.833971902749056,0.0,0.0,-0.07142860944173757,0.12999999523162842
2022-02-15,0.0,1.0,-0.8341836732451391,0.0,0.0,-0.07142860944173757,0.12999999523162842
2022-02-16,0.0,1.0,-0.834394904198649,0.0,0.0,-0.07142860944173757,0.12999999523162842
2022-02-17,0.0,1.0,-0.834552974578173,0.0,0.0,-0.07142860944173757,0.12999999523162842
2022-02-18,0.0,1.0,-0.8346581872950443,0.0,,0.0,0.12999999523162842
2022-02-22,0.0,1.0,-0.8347107434884931,0.0,,0.0,0.12999999523162842
2022-02-23,0.0,1.0,-0.8347107434884931,0.0,,0.0,0.12999999523162842
2022-02-24,0.0,1.0,-0.7708241515623286,0.0,,0.0,0.12999999523162842
2022-02-25,0.0,1.0,-0.6264367829626831,0.0,,0.0,0.12999999523162842
2022-02-28,0.0,1.0,-0.6261682255004732,0.0,,0.0,0.12999999523162842
2022-03-01,0.0,1.0,-0.6258992816244283,0.0,,0.0,0.12999999523162842
2022-03-02,0.0,1.0,-0.6256299504999607,0.0,,0.0,0.12999999523162842
